{
  "version": 1,
  "author": "Anonymous maker",
  "editor": "wokwi",
  "parts": [
    { "type": "wokwi-breadboard", "id": "bb1", "top": 73.8, "left": -294.8, "attrs": {} },
    { "type": "wokwi-breadboard-half", "id": "bb2", "top": 73.8, "left": -630.8, "attrs": {} },
    {
      "type": "board-esp32-devkit-c-v4",
      "id": "esp",
      "top": -259.2,
      "left": -215.96,
      "attrs": {}
    },
    {
      "type": "board-ssd1306",
      "id": "oled1",
      "top": 137.54,
      "left": 221.03,
      "attrs": { "i2cAddress": "0x3c" }
    },
    {
      "type": "wokwi-led",
      "id": "led1",
      "top": 102,
      "left": -5.8,
      "attrs": { "color": "red", "label": "Alarm" }
    },
    { "type": "wokwi-buzzer", "id": "bz1", "top": 60, "left": 97.8, "attrs": { "volume": "0.1" } },
    {
      "type": "wokwi-resistor",
      "id": "r1",
      "top": 157.55,
      "left": 19.2,
      "attrs": { "value": "1000" }
    },
    {
      "type": "wokwi-resistor",
      "id": "r2",
      "top": 157.55,
      "left": 134.4,
      "attrs": { "value": "1000" }
    },
    {
      "type": "wokwi-pushbutton",
      "id": "btn1",
      "top": 147.2,
      "left": -83.2,
      "rotate": 270,
      "attrs": { "color": "red", "label": "CANCEL" }
    },
    {
      "type": "wokwi-resistor",
      "id": "r3",
      "top": 215.15,
      "left": -124.8,
      "attrs": { "value": "1000" }
    },
    {
      "type": "wokwi-pushbutton",
      "id": "btn2",
      "top": 147,
      "left": -396.6,
      "rotate": 90,
      "attrs": { "color": "green", "label": "DOWN" }
    },
    {
      "type": "wokwi-pushbutton",
      "id": "btn3",
      "top": 147,
      "left": -483,
      "rotate": 90,
      "attrs": { "color": "blue", "label": "OK/MENU" }
    },
    {
      "type": "wokwi-pushbutton",
      "id": "btn4",
      "top": 147,
      "left": -569.4,
      "rotate": 90,
      "attrs": { "color": "yellow", "label": "UP" }
    },
    {
      "type": "wokwi-resistor",
      "id": "r4",
      "top": 215.15,
      "left": -422.4,
      "attrs": { "value": "1000" }
    },
    {
      "type": "wokwi-resistor",
      "id": "r5",
      "top": 215.15,
      "left": -508.8,
      "attrs": { "value": "1000" }
    },
    {
      "type": "wokwi-resistor",
      "id": "r6",
      "top": 215.15,
      "left": -595.2,
      "attrs": { "value": "1000" }
    },
    {
      "type": "wokwi-dht22",
      "id": "dht1",
      "top": -412.5,
      "left": -24.6,
      "attrs": { "humidity": "64", "temperature": "26.9" }
    },
    {
      "type": "wokwi-led",
      "id": "led2",
      "top": 102,
      "left": -265,
      "attrs": { "color": "cyan", "label": "Hum" }
    },
    {
      "type": "wokwi-led",
      "id": "led3",
      "top": 102,
      "left": -178.6,
      "attrs": { "color": "orange", "label": "Temp" }
    },
    {
      "type": "wokwi-resistor",
      "id": "r7",
      "top": 157.55,
      "left": -153.6,
      "attrs": { "value": "1000" }
    },
    {
      "type": "wokwi-resistor",
      "id": "r8",
      "top": 157.55,
      "left": -240,
      "attrs": { "value": "1000" }
    }
  ],
  "connections": [
    [ "esp:TX", "$serialMonitor:RX", "", [] ],
    [ "esp:RX", "$serialMonitor:TX", "", [] ],
    [ "bb1:tp.50", "bb1:bp.50", "red", [ "h85.6", "v174" ] ],
    [ "bb1:tn.50", "bb1:bn.50", "black", [ "h104.8", "v174" ] ],
    [ "oled1:VCC", "bb1:tp.46", "red", [ "v0" ] ],
    [ "oled1:SCL", "esp:22", "green", [ "v0" ] ],
    [ "oled1:SDA", "esp:21", "green", [ "v0" ] ],
    [ "bb1:tn.45", "bb1:56t.a", "black", [ "h8.8", "v28.7" ] ],
    [ "bb1:49t.c", "esp:15", "green", [ "v0" ] ],
    [ "bb1:37t.c", "esp:5", "green", [ "v0" ] ],
    [ "bb1:30t.e", "bb1:bn.24", "black", [ "v0" ] ],
    [ "bb1:42t.e", "bb1:bn.34", "black", [ "v0" ] ],
    [ "bb1:tn.19", "bb1:24t.b", "black", [ "v19.1", "h-0.8" ] ],
    [ "bb1:bn.1", "bb2:bn.25", "black", [ "v-1.3", "h-173.6" ] ],
    [ "bb2:bp.25", "bb1:bp.1", "red", [ "v0" ] ],
    [ "bb1:tn.2", "bb2:tn.25", "black", [ "v-0.1", "h-88.8" ] ],
    [ "bb1:tp.2", "bb2:tp.25", "red", [ "v0.3", "h-88.8" ] ],
    [ "bb2:2b.j", "bb2:bp.1", "red", [ "v0" ] ],
    [ "bb2:11b.j", "bb2:bp.9", "red", [ "v0" ] ],
    [ "bb2:20b.j", "bb2:bp.16", "red", [ "v0" ] ],
    [ "bb2:10t.a", "bb2:tn.8", "black", [ "v0" ] ],
    [ "bb2:19t.a", "bb2:tn.16", "black", [ "v0" ] ],
    [ "bb2:28t.a", "bb2:tn.23", "black", [ "v0" ] ],
    [ "bb1:16b.j", "bb1:bp.12", "red", [ "v0" ] ],
    [ "esp:5V", "bb1:tp.4", "red", [ "h0" ] ],
    [ "dht1:VCC", "bb1:tp.22", "red", [ "v0" ] ],
    [ "dht1:GND", "bb1:tn.25", "black", [ "v0" ] ],
    [ "bb2:26t.a", "esp:25", "green", [ "v-19.2", "h-38.4", "v-249.6" ] ],
    [ "esp:35", "bb1:22t.a", "green", [ "h-105.45", "v192", "h240", "v0", "h9.6" ] ],
    [ "esp:GND.1", "bb1:tn.3", "black", [ "h0" ] ],
    [ "esp:33", "bb2:8t.a", "green", [ "h0" ] ],
    [ "esp:32", "bb2:17t.a", "green", [ "h0" ] ],
    [ "bb1:12t.e", "bb1:bn.9", "black", [ "v0" ] ],
    [ "bb1:3t.e", "bb1:bn.3", "black", [ "v76.8", "h9.6" ] ],
    [ "bb1:19t.a", "esp:16", "green", [ "v0" ] ],
    [ "bb1:10t.a", "esp:17", "green", [ "v-134.4", "h134.4", "v-124.8" ] ],
    [ "oled1:GND", "bb1:56t.c", "", [ "$bb" ] ],
    [ "oled1:VCC", "bb1:57t.c", "", [ "$bb" ] ],
    [ "oled1:SCL", "bb1:58t.c", "", [ "$bb" ] ],
    [ "oled1:SDA", "bb1:59t.c", "", [ "$bb" ] ],
    [ "led1:A", "bb1:31t.c", "", [ "$bb" ] ],
    [ "led1:C", "bb1:30t.c", "", [ "$bb" ] ],
    [ "bz1:1", "bb1:42t.c", "", [ "$bb" ] ],
    [ "bz1:2", "bb1:43t.c", "", [ "$bb" ] ],
    [ "r1:1", "bb1:31t.e", "", [ "$bb" ] ],
    [ "r1:2", "bb1:37t.e", "", [ "$bb" ] ],
    [ "r2:1", "bb1:43t.e", "", [ "$bb" ] ],
    [ "r2:2", "bb1:49t.e", "", [ "$bb" ] ],
    [ "btn1:1.l", "bb1:22b.h", "", [ "$bb" ] ],
    [ "btn1:2.l", "bb1:24b.h", "", [ "$bb" ] ],
    [ "btn1:1.r", "bb1:22t.c", "", [ "$bb" ] ],
    [ "btn1:2.r", "bb1:24t.c", "", [ "$bb" ] ],
    [ "r3:1", "bb1:16b.i", "", [ "$bb" ] ],
    [ "r3:2", "bb1:22b.i", "", [ "$bb" ] ],
    [ "btn2:1.l", "bb2:28t.c", "", [ "$bb" ] ],
    [ "btn2:2.l", "bb2:26t.c", "", [ "$bb" ] ],
    [ "btn2:1.r", "bb2:28b.h", "", [ "$bb" ] ],
    [ "btn2:2.r", "bb2:26b.h", "", [ "$bb" ] ],
    [ "btn3:1.l", "bb2:19t.c", "", [ "$bb" ] ],
    [ "btn3:2.l", "bb2:17t.c", "", [ "$bb" ] ],
    [ "btn3:1.r", "bb2:19b.h", "", [ "$bb" ] ],
    [ "btn3:2.r", "bb2:17b.h", "", [ "$bb" ] ],
    [ "btn4:1.l", "bb2:10t.c", "", [ "$bb" ] ],
    [ "btn4:2.l", "bb2:8t.c", "", [ "$bb" ] ],
    [ "btn4:1.r", "bb2:10b.h", "", [ "$bb" ] ],
    [ "btn4:2.r", "bb2:8b.h", "", [ "$bb" ] ],
    [ "r4:1", "bb2:20b.i", "", [ "$bb" ] ],
    [ "r4:2", "bb2:26b.i", "", [ "$bb" ] ],
    [ "r5:1", "bb2:11b.i", "", [ "$bb" ] ],
    [ "r5:2", "bb2:17b.i", "", [ "$bb" ] ],
    [ "r6:1", "bb2:2b.i", "", [ "$bb" ] ],
    [ "r6:2", "bb2:8b.i", "", [ "$bb" ] ],
    [ "r7:1", "bb1:13t.e", "", [ "$bb" ] ],
    [ "r7:2", "bb1:19t.e", "", [ "$bb" ] ],
    [ "r8:1", "bb1:4t.e", "", [ "$bb" ] ],
    [ "r8:2", "bb1:10t.e", "", [ "$bb" ] ],
    [ "esp:12", "dht1:SDA", "green", [ "v0", "h-57.45", "v-153.6", "h268.8" ] ],
    [ "led2:A", "bb1:4t.c", "", [ "$bb" ] ],
    [ "led2:C", "bb1:3t.c", "", [ "$bb" ] ],
    [ "led3:A", "bb1:13t.c", "", [ "$bb" ] ],
    [ "led3:C", "bb1:12t.c", "", [ "$bb" ] ]
  ],
  "dependencies": {}
}